	chr17:7577581:A/G	chr17:7578176:C/T	chr17:7578211:C/T	chr20:31022288:C/A
AACAACCTACTCTAGTAA	0	0	0	NA
AACAACCTATCCTTAGGT	20	0	12	0
AACAACTGGAATCAGGAG	23	NA	NA	0
AACAACTGGAATGTGCGT	14	0	11	0
AACAACTGGATCGAATCG	0	0	0	7
AACAACTGGTAGACCATG	0	0	0	NA
AACACACTCCACTGGTCC	0	0	0	0
AACACACTCTCAAGCGTA	0	25	0	0
AACAGATCGCTATCCATC	28	NA	NA	0
AACCATGGTCACGGATAG	NA	NA	NA	0
AACCGCTGACCTGTTAGC	1	0	0	5
AACGATGACCCTTGTTGC	0	20	0	0
AACGCCTACGGTTCTATC	NA	NA	NA	0
AACGGAGATGTATGATCT	0	NA	0	8
AACGTTCTTACCGGAAGG	18	0	15	0
AACTAACTGAACAACTGG	0	NA	NA	0
AACTCCATGTCCTATTCC	0	14	NA	0
AACTCCATGTCGTACCTT	1	23	0	1
AACTGCGACAGGTCAGCA	0	0	0	15
AACTGCGACGATCGTTGA	0	NA	NA	10
AACTTAGCTACGGTGCCT	0	NA	NA	0
AACTTCTGCCCTATTCAA	10	NA	NA	0
AACTTCTGCCGTCATGGA	NA	NA	NA	NA
AAGACGAAGCACATATCA	0	14	NA	0
AAGACTACCAGCAACATT	1	26	0	NA
AAGAGAGAGGTCGCAGGT	2	26	0	0
AAGCAACTATGCGATACT	0	NA	NA	NA
AAGCAATCGATAAGTTCG	0	NA	NA	0
AAGCACAACCCGCTATCC	23	0	NA	0
AAGCAGCATGCCAACAAT	30	0	9	0
AAGCAGCATGTCGACATT	1	NA	0	0
AAGCATTGCGCACAACTC	0	0	0	0
AAGCATTGCTGCGACGTT	NA	12	NA	0
AAGCCAAGTTGACCTATG	19	0	14	0
AAGCTTGCAAATAACTCC	30	0	14	0
AAGCTTGCAGCTGTTCGG	0	NA	NA	5
AAGGAAGTCCAATTGTCT	NA	0	15	0
AAGGAAGTCTAGGTCAAC	0	25	0	0
AAGGAAGTCTATCGGAAC	22	8	5	0
AAGGAAGTCTTACTTACG	1	0	0	NA
AAGGATACGTCGCAAGCA	1	14	NA	0
AAGGATCGTAATCGTGTT	0	32	0	0
AAGGTGCTGCTCGACGAT	0	22	0	0
AAGTTGCCACCGGATTGC	0	NA	NA	0
AATAACTCCTGAGCAGAT	30	NA	NA	0
AATACCTTGATCCATTAG	NA	NA	NA	0
AATACCTTGCCTCTTGTA	0	0	0	16
AATACGTCTCCAATGCCT	1	0	0	0
AATACGTCTGCACAGTAA	0	NA	NA	0
AATAGACGCTGATGACAG	1	0	0	1
AATATCAGCCAGCGTAAG	1	27	0	0
AATATCAGCCAGTCGGTA	0	0	0	17
AATATCAGCCTCGTGTCC	0	12	NA	0
AATATCAGCTATCACCTG	0	25	0	0
AATCCGCTGGAACTATGG	0	NA	NA	0
AATCCTCGTATTCGAAGA	20	0	5	1
AATCGCCATAATGCTATC	0	14	NA	1
AATCGTGTTCAACGATCG	NA	NA	NA	NA
AATCTCCTAATCCATTAG	0	0	0	NA
AATCTGACCATATCCGAT	0	24	0	0
AATGCACTTGCTCAGCCA	20	NA	6	0
AATGCCTCATTCCAGGAG	0	NA	NA	0
AATGCTATCACGGTGCCT	0	48	0	0
AATGCTATCCTGTCTAGT	0	0	0	0
AATGCTGATGATGCAGAA	0	14	NA	0
AATGCTGATGGAGAATGA	0	0	0	15
AATGCTGATTCAGAGCGT	NA	0	7	NA
AATTAGAGGCCACCATGC	0	NA	NA	NA
ACAACGAGCGGTAAGGAT	NA	0	6	0
ACAAGAATGTTCTGAATG	0	0	0	0
ACAAGGTACAGAATCAGA	0	10	NA	0
ACAAGGTACGGATACCTA	9	0	7	0
ACAATAGGTATATGCAGC	15	0	8	1
ACAATAGGTGTCAAGATC	17	NA	NA	0
ACACACCGTGCACAGTAA	NA	NA	NA	0
ACACACGTCAGTAAGCCA	0	0	0	1
ACACATCTGCGACCTAGC	0	NA	NA	0
ACACCACATGCCACGAGT	23	0	4	0
ACACTAACGGCACAACTC	0	0	0	NA
ACAGAAGAGGGAGTACAG	0	NA	NA	0
ACAGCATCATGCCACCGA	NA	0	18	0
ACAGCGGTCCGCCATTAC	0	13	NA	0
ACAGCGGTCTGGTCTACG	NA	0	6	0
ACAGTATTGTAGAGACTA	0	NA	NA	8
ACATCGTCCCTGGTCGGT	0	NA	NA	0
ACATGACTACGCATCTAC	0	0	0	14
ACATGGATTCACCAGAAG	0	0	0	0
ACATTGACAACACACCGT	11	NA	NA	0
ACATTGACAGGAGTTAGC	0	1	0	NA
ACCACGCTACGTATCGAA	12	0	NA	0
ACCACGCTACTATTCCGT	1	0	0	0
ACCACGGATACGATGACC	0	0	0	0
ACCACTAGGGACGCCGTA	0	NA	NA	0
ACCATACTTCCGGTGGTT	14	NA	NA	NA
ACCATACTTTCGCTGTAA	13	0	9	0
ACCATGTCTACTATTGTC	24	0	10	NA
ACCATGTCTCCAGTCTCA	0	NA	NA	0
ACCATTCACTCGTTCTCC	0	0	0	NA
ACCGACGGTACGCTATGT	11	0	8	0
ACCGACGGTCCATATGCC	NA	13	NA	0
ACCGACGGTGAGTCACCA	10	NA	NA	0
ACCGAGTAGAGCTTCGAT	24	0	NA	0
ACCGAGTAGGCAGCTCTT	0	0	0	NA
ACCGGAAGGTAACCGTGA	12	NA	NA	0
ACCGGAGTAAGTACGAAT	0	0	0	0
ACCGTCCTACCACTTCGC	18	NA	NA	0
ACCGTCCTATCGTCATTC	0	NA	NA	0
ACCTAGCACTACAGTTAG	0	15	NA	0
ACCTAGTTAGCTTAGAAC	NA	0	4	1
ACCTGCAGACGTGGTACC	8	0	0	0
ACCTGTACCCGAACAATC	42	0	17	0
ACCTTGAAGCATAGGTGT	0	27	0	0
ACCTTGAAGTACAAGAGG	6	NA	NA	0
ACGATGACCTTAGATCGG	0	0	0	NA
ACGATGGAAACTCCGTCG	15	0	0	0
ACGATGGAAGTCAGACCG	6	NA	NA	0
ACGATGGAATCCAAGTAA	18	NA	NA	0
ACGATGGAATTGCCGTAG	0	36	0	0
ACGCAAGATAAGAGAACT	0	32	0	0
ACGCAAGATCATTCAGTT	1	NA	NA	NA
ACGCACACTTCCTGAGAC	0	14	NA	0
ACGGTGTACACGGTGTAC	0	0	0	NA
ACGGTGTACAGCTTGGTG	15	0	10	0
ACGGTGTACTAACGTGTC	0	NA	NA	10
ACGTAGTATATGCGCTAC	0	55	0	1
ACGTATGTCTGGAATCGT	0	NA	NA	NA
ACGTCGCTCCCTATTGGT	0	17	NA	0
ACGTGTAGTACACTAACG	NA	NA	NA	0
ACGTGTAGTCATCGCTGG	22	0	4	0
ACGTGTAGTTCGTTCTCC	0	0	0	0
ACGTTCAATGTACGAACG	0	10	NA	0
ACTAAGTTCCGAACAATC	0	NA	NA	24
ACTATCCTGAACTTAGCT	21	NA	NA	0
ACTATCCTGCTGATGCAC	34	0	10	0
ACTATTGTCACGCAAGAT	16	0	11	0
ACTCATTCAACTCCAACT	NA	NA	NA	0
ACTCCAACTACTCACGAA	0	18	NA	0
ACTCCGTCGTTAGCGTCT	7	0	NA	0
ACTCGAGTCCTACTGTCA	0	6	NA	0
ACTCGTAGGAGTGACGAT	0	0	0	0
ACTCGTCTAAACAATGCA	0	NA	0	21
ACTCGTCTAGTAGGACGC	0	24	0	NA
ACTCTAGGAATATGCAGC	0	13	NA	0
ACTCTAGGAGCCTTGTGA	0	21	0	0
ACTCTCACAGTCAGACCG	26	0	NA	0
ACTGACTACTCGCTGTAA	0	12	NA	0
ACTGGACCACACTGCTTA	0	NA	NA	NA
ACTGTGTCAAGTTATCGC	0	0	0	8
ACTTCAGTAGAGGACTTA	0	43	0	2
ACTTCGCAGCCTAGTTAG	19	0	NA	0
ACTTCGCAGGGACTATTC	30	0	NA	0
ACTTCTAACTAGATCTGT	0	0	NA	0
ACTTCTAACTTACACCTT	26	0	4	0
AGAAGAGTCTGTGCAGTA	15	NA	NA	0
AGAAGCTGCCCTCTCTAG	0	NA	NA	0
AGAAGCTGCGACTCAGTG	0	NA	NA	0
AGAAGTAACTCACTACGT	0	0	0	NA
AGAAGTAACTCGCGTCAT	11	NA	NA	0
AGAAGTCCTGAGATTCCT	0	0	0	0
AGAATCAGACCTTGACGG	0	NA	0	15
AGACCAGCTGACATATGT	0	NA	NA	0
AGACGCCTGGGAGACACA	14	0	NA	0
AGACGCCTGGGATAGTCA	0	0	NA	13
AGACGCTATGTGAATGCC	NA	NA	NA	1
AGACGCTATTTGCCGTAG	0	14	NA	0
AGACGGAGGTGAACCAAT	NA	0	0	NA
AGACTAGTAGTTATCGAT	11	0	10	0
AGACTTCGTTGCATACAT	0	0	0	0
AGAGAGTGGGCGGTAAGT	NA	2	10	NA
AGAGCCGCAGACCACTCG	13	NA	4	0
AGAGCGCGACATATGTCG	16	0	NA	NA
AGAGCGCGAGTAAGGTCC	0	15	NA	0
AGAGCGCGATACGTTGGA	13	NA	NA	0
AGAGCGGAGAGCGGTAAG	17	0	6	0
AGATACGTTCCGCAGCTA	27	0	10	0
AGATATGGATAAGTGTAG	0	22	0	0
AGATCTGACCAAGAGGAG	0	26	0	0
AGATGAAGATCTGTGAAG	0	NA	NA	15
AGATGAGATCCTCTGCAT	0	22	0	0
AGATGAGATTGTAGCAAG	0	0	0	0
AGATGTTGGTGCCGACTA	23	0	NA	0
AGCACCGTGATTCACCTC	0	NA	NA	NA
AGCACCGTGCGGTGTTAC	0	NA	NA	0
AGCAGACAATATGTATGC	0	NA	NA	12
AGCCACTTCGTAGCTACA	NA	NA	NA	1
AGCCAGGACGGTCGGATA	27	NA	NA	1
AGCCAGGACGTCGTGTTA	NA	0	0	NA
AGCCTCGCACAGGATCAA	0	0	0	8
AGCCTCGCACTCGTCTTG	31	0	8	0
AGCCTCGCACTGGAGCGA	NA	21	0	0
AGCGACACCCCAACAACA	19	NA	NA	0
AGCGCATGAAGCGGTAAG	0	NA	NA	11
AGCGGTCTAATTAGCCAC	15	14	NA	0
AGCGGTCTATACCGCGTT	0	0	0	12
AGCGGTCTATACCTATCC	0	21	0	0
AGCGTAGAACAGCTTACC	27	0	6	0
AGCGTCGTCATGCTCACC	0	7	0	NA
AGCGTCGTCATGCTTCAG	0	NA	NA	NA
AGCGTCGTCGAACCAGTT	22	NA	8	0
AGCGTCGTCGCTCTGTGT	0	0	0	13
AGCTACTCAGAGACTCGA	26	0	NA	0
AGCTATATGTACGACCAT	26	0	16	0
AGCTCTCCGTAGTAGTCT	16	0	10	0
AGCTTGGTGGAAGTGTGA	0	NA	NA	0
AGCTTGGTGTTCTCCACA	9	0	NA	0
AGGAATTGGACGGTGTAC	0	14	NA	0
AGGAATTGGGATACTGTG	16	0	9	0
AGGAGGTGAAGTGATGCG	29	0	NA	0
AGGATTACTAAGCAACTA	0	10	NA	0
AGGTACCAATATACGGAT	0	NA	NA	0
AGGTATTCCAAGGTCTGA	18	NA	8	0
AGGTATTCCGACAATGTT	0	0	0	NA
AGGTATTCCTAGCAGAGT	0	0	0	1
AGGTCACGTGAACGCTGT	0	0	0	NA
AGGTCACGTTCACGACAA	0	0	0	NA
AGGTGCGAGCACGATAGA	19	0	8	0
AGGTGTACAACACTAACG	NA	NA	5	0
AGTAACGTAGTAGACTCT	0	12	NA	0
AGTAAGCCAGCCTTATCT	2	49	0	0
AGTACTCTCGCAGCAGTG	0	NA	NA	0
AGTAGAGGAGACATAACG	0	22	0	0
AGTAGAGGAGACGCTTGC	0	0	0	14
AGTAGAGGATAGCGCAGC	0	NA	NA	0
AGTATGACGGACACCGAT	0	0	0	0
AGTATGACGTCCAACGTG	22	0	6	0
AGTCAGTTGCACTACAGG	0	NA	NA	14
AGTCATACTATGATAGCT	0	0	0	1
AGTCATACTCTGATCCGA	1	NA	NA	NA
AGTCATACTGTTGCTCAG	0	NA	NA	0
AGTCCGTGTCGGTTGCGA	36	0	NA	0
AGTCCGTGTGTAGTTGGT	27	0	8	1
AGTCGATCATAGTTGACG	0	18	0	0
AGTCGCCGACAATGTGCT	1	NA	NA	15
AGTCGCCGACTTGGTCAT	8	NA	NA	0
AGTCGCGACTCACAGGTA	18	NA	NA	0
AGTCGCGACTTACACCTT	0	0	0	NA
AGTGATGCGGACCAGAGA	6	NA	NA	0
AGTGGAATGCCTGCTCCA	0	8	0	10
AGTGGAATGGTCGCAGGT	0	0	0	0
AGTGGAATGTGTCCATAG	13	0	6	0
AGTGTCTCTCACAACCAG	0	24	0	0
AGTGTTCTGGGATCGTTC	NA	0	9	0
AGTTACAAGAAGCCACAC	24	NA	NA	0
AGTTAGGTCCCGACTTGG	0	0	0	0
AGTTATCGCCCTGTATCT	NA	NA	NA	0
AGTTCAACCTACAACACC	0	NA	NA	0
AGTTCGATAAGAAGCTGC	NA	0	10	0
AGTTCGATAGGATCAATG	0	0	0	21
ATAACGACACGGTTGCGA	0	NA	NA	NA
ATAAGACAGTCGTCATTC	0	17	0	0
ATAAGTTCGCAACTAATC	30	0	7	0
ATAATCGAGATCGAATCG	24	0	7	0
ATAATCGAGTATTGCTAC	11	NA	NA	1
ATACAACCGCAGTTACTG	0	NA	NA	NA
ATACAACCGCTCATTAGT	0	0	0	1
ATAGACCGAGACCGTAGT	22	NA	NA	0
ATAGACCGATGGAGAACC	0	0	0	NA
ATAGTCAGTATGCTTCAG	22	0	NA	0
ATAGTCAGTCTACTGTCA	7	NA	NA	0
ATATGTCCAACTCACGAA	NA	0	11	1
ATATGTCCAGCTTCTGAA	28	0	NA	0
ATATTCGCAGTAGCCTTG	0	0	0	21
ATCAGAAGCAACCATGGT	12	NA	NA	0
ATCAGAAGCGCAGCTCTT	0	14	NA	0
ATCAGAAGCGTTGATGCA	0	0	0	0
ATCAGGATGAGTACTCTC	0	14	NA	0
ATCATAGACAGAAGTAAC	0	NA	NA	NA
ATCATGTTCTCAGCGACC	31	0	9	0
ATCCAATGACGTCGTCAA	21	NA	NA	0
ATCCACAGTTGGTGGATC	30	0	9	0
ATCCAGCTGGAATTGTTG	18	10	NA	0
ATCCAGCTGTCAATCTAG	0	NA	NA	NA
ATCCAGCTGTTACCTCTC	0	0	0	15
ATCCATTAGAGACGCCTG	1	2	0	NA
ATCCATTAGTAACGTGTC	0	NA	NA	11
ATCCGACCAGACTTCACC	0	NA	NA	0
ATCCGTCTCCAGCACGTG	0	17	NA	NA
ATCCTCCGAAAGCTGAGG	0	NA	NA	NA
ATCCTCCGAGATGTAAGG	0	NA	NA	0
ATCGAATCGCAGGTTGTC	1	18	0	0
ATCGGTGGTTGACCTCCT	26	0	9	0
ATCGGTGGTTTCATCCAA	0	45	1	0
ATCGTAGTGCAGCTGGAG	0	NA	NA	NA
ATCGTAGTGGTGTATCTG	15	NA	NA	0
ATCTAGGTTCTAGACATG	1	0	0	0
ATCTAGGTTTCTACAGTT	0	0	0	29
ATCTCGTGATAGACCTAC	0	0	0	0
ATCTCGTGATCAAGCGTA	21	NA	NA	0
ATCTCTGCTCCATTACAG	0	NA	NA	0
ATCTGCGTAAACTTGTCG	0	0	0	0
ATGAACTAGCCTACTAGA	0	0	0	0
ATGACACAAACGTAGTAT	0	0	0	0
ATGACACAACAGAGCACC	9	NA	NA	0
ATGAGATCCGTGCGTTCC	0	0	0	17
ATGCCTTCAACGCACACT	0	13	NA	0
ATGCGCTACAGCATTGTT	25	0	8	0
ATGCTCACCCTCTTCAGC	0	0	0	0
ATGCTCACCTGGTCTACG	24	0	4	1
ATGCTTCAGCGTTCCATT	20	0	0	0
ATGCTTCAGGTGCTAAGC	0	NA	NA	0
ATGGACGTTCCTCGGTCA	0	NA	NA	0
ATGGAGAGTACAACGAGC	33	1	13	0
ATGGAGAGTCCGAATATG	0	NA	NA	NA
ATGGAGAGTCTCATGCCA	NA	27	0	0
ATGGAGAGTTGGAACTAA	0	0	0	0
ATGTCCTCCGCGTCGTCT	0	0	0	1
ATGTGACGAATATAGCGT	17	0	NA	0
ATGTGAGACCCGTCCACT	0	21	NA	0
ATTAGCACAGATGCTCCT	1	NA	NA	11
ATTAGCCACGTATGTATC	0	NA	NA	0
ATTATGCAGCATCCACCG	NA	NA	NA	0
ATTCACCTCTATCTGTCA	NA	0	21	0
ATTCCGTACAACACACTC	0	NA	NA	1
ATTCCTACGCGTCATGGA	33	0	6	0
ATTCGCTTACACAACGCT	0	23	0	0
ATTCGCTTACCGGTGGTT	1	0	0	NA
ATTCTCTGGGCTTGGTTC	0	0	0	0
ATTGACACGCGCCTGCAA	0	0	0	1
ATTGATCACCGAGCCGTT	0	29	0	0
ATTGATTGGTCGCTGTAA	0	15	NA	0
ATTGCCGACTTCCAATTC	17	0	NA	0
ATTGCGCTACGACCATCA	0	0	0	NA
ATTGCGCTAGATTCCTCT	0	NA	NA	22
ATTGGTTCCCTGATCCGA	32	0	10	1
ATTGGTTCCTATACGTGG	27	0	11	0
CAACCTGGTGTGTCCGTG	0	0	0	18
CAACGCACAACATTGACA	0	NA	0	0
CAACGCACATAGCAGAGT	0	NA	NA	26
CAACGTCTTACGATGACC	17	NA	NA	0
CAACGTCTTCAGTTGAGT	42	0	NA	0
CAACTCCAGCATAGTATG	7	NA	NA	0
CAAGAACCGTGTGGACAA	22	0	6	0
CAAGAGAGTCCTCCTTGT	20	0	NA	0
CAAGCCTCGTGCCGCTAC	0	0	0	NA
CAAGCGCATCGCGAGTGT	0	NA	NA	0
CAAGCTGCACCATTCTGC	16	20	13	0
CAAGTCACTTCATCAGAG	0	15	NA	0
CAAGTCGAAATTGGTTCC	15	0	13	0
CAATCATACGATGTAAGG	1	0	0	0
CAATCATACGTAGTTGGT	26	0	NA	0
CAATCATACTCATCATCT	0	0	0	17
CAATCTCCGAGGAGGTGA	1	0	0	18
CAATGCATTCGCGCACAT	0	0	0	17
CACAACGCTAACCGCTGA	27	NA	NA	0
CACATGTGCAATTCGGAA	NA	NA	6	0
CACATGTGCCGGTTCTAT	1	30	0	0
CACATTCTGATCGAATCG	0	0	0	NA
CACATTCTGGCTAGTGGA	1	0	0	15
CACATTCTGGTCCACAAC	0	0	0	NA
CACCTCAACGTGTCACAC	0	NA	NA	0
CACCTCGGAGACACGCAA	0	NA	NA	NA
CACCTCGGAGATATGGAC	0	1	0	NA
CACGATAGAAGAGCGCGA	1	NA	NA	NA
CACGATAGATATTGCTAC	0	NA	NA	NA
CACGGATAGTTGCCGTAG	2	0	0	8
CACTAGACTGTCTGAGCC	0	NA	NA	NA
CACTAGACTTCGACGTTG	0	0	0	0
CACTCACTAAATACGTCT	0	34	0	1
CACTCACTACTTCCGTGG	0	NA	NA	NA
CACTCACTACTTGCACAA	0	0	0	NA
CACTGTATCCTCCTGACG	23	1	8	0
CACTGTATCTATGACCGA	0	NA	NA	0
CAGATCATTATCATTACG	0	0	0	0
CAGATCGACATTCCGTAC	0	NA	NA	0
CAGCGACGTCAGCTAGTT	0	0	0	NA
CAGCGACGTGACTTCACC	23	0	11	0
CAGCGACGTGCGGTAGTC	NA	0	0	NA
CAGCGTAAGACCAGCGTT	24	0	6	0
CAGCTAGTTATGGATATC	0	22	0	2
CAGCTAGTTTCCTTCGTA	16	0	NA	0
CAGCTCTTCGACGCCGTA	0	NA	NA	0
CAGCTGGAGCAATACCAC	0	0	0	7
CAGCTGGAGCAATGTGCT	0	18	NA	0
CAGCTGGAGGATGTCTAG	12	NA	NA	0
CAGCTTACCGTTGATGCA	2	17	NA	0
CAGGAGCCTATAGCACGG	0	NA	NA	0
CAGGTTGTCAGTAGAGGA	0	22	0	0
CAGGTTGTCTGAAGACCA	0	12	NA	0
CAGTAATGTTAACGGATA	0	NA	NA	0
CAGTCCTAAAGACTTCGT	12	0	7	0
CAGTCCTAAGATGTCTAG	11	0	NA	0
CAGTCTAACAGTGACGAT	0	10	NA	0
CAGTGAGGACCTCGACCT	0	NA	NA	0
CAGTGCCATAGAAGAGTC	0	NA	NA	0
CAGTGCTGCATGAGATCC	12	NA	NA	0
CAGTGCTGCCAAGTACGA	0	15	NA	0
CAGTTACTGATGGTTCGA	0	16	NA	0
CAGTTGAGTTATCGGAAC	NA	NA	NA	2
CATAAGATCATTCCTACG	0	0	0	13
CATACGCAGCTGATGCAC	28	NA	NA	1
CATACGCAGTTGGTAACT	1	0	0	18
CATAGTATGTGTACACGA	0	0	0	13
CATATGCGATCAGAGCGT	30	1	9	0
CATATGTCGCCGGATTGC	18	0	5	0
CATCAATAGTCCTGTCCG	27	0	8	0
CATCCAGGAACTTCTTGG	NA	21	0	0
CATCCGACAGGTAAGGAT	12	NA	NA	0
CATCGAAGCACACACGTC	17	0	NA	0
CATCGAAGCCATAGGTGT	0	0	0	7
CATCGCTGGCGTGAGACT	17	0	11	0
CATCTCACGATCGATCCT	15	0	7	0
CATCTCGATAATCAGGAG	8	NA	NA	1
CATCTCGATTGATGACAG	14	NA	NA	0
CATCTCGATTGATGTGTG	0	0	0	21
CATCTCGATTTGCAGTCA	0	NA	NA	0
CATGCCAGTGAACGCTGT	0	11	NA	0
CATGGACTCCTGAGTAGC	0	19	0	0
CATGGTTACAGTCTAAGC	0	0	0	0
CATTATGTCAATCTGACC	1	0	0	NA
CATTCAGTTAATAGACGC	20	0	NA	0
CATTCGAATCCATTCTGC	0	17	NA	0
CATTCGAATCTATGGATG	0	NA	NA	20
CATTGACAAGAGTATCGC	1	34	0	0
CATTGCAGAGATGTTACA	19	0	9	0
CCAACGGAACCATAAGTA	NA	14	NA	0
CCAACGGAATAACTCCGA	16	0	7	0
CCAAGCGAGACAGCGGTC	0	NA	NA	10
CCAAGTCGAGGAAGAAGC	0	1	0	NA
CCAATATACAAGTACAGA	NA	16	NA	0
CCAATATACAGTGTTCTG	NA	0	9	1
CCACAAGGTAATGCAGCG	15	0	NA	0
CCACATTAGAATATCAGC	0	NA	NA	0
CCACATTAGGGTCTCATG	0	0	0	NA
CCACGAAGGGAGTCAAGG	1	NA	NA	NA
CCACGCCATACAACCGGA	14	1	8	0
CCACGGATCACCATGTCT	NA	0	NA	NA
CCACGTTCTGTAATCAGC	11	0	4	0
CCAGATCACTGCGATACT	0	0	0	0
CCAGCCAATCAACTAATC	0	20	0	NA
CCAGTACTCTATACGGAT	11	NA	NA	0
CCATAAGTAAACAACCTA	27	0	8	0
CCATAAGTACCACCATGC	0	31	0	0
CCATAATCGTCATATCGC	NA	0	NA	NA
CCATACGATGTGCTAAGC	15	0	12	0
CCATACGATTCGCTTAAC	0	NA	NA	0
CCATAGCCACCAGCCAAT	0	NA	NA	0
CCATATCTTAACCGCTGA	0	0	0	0
CCATCTAGGACACACGTC	1	NA	NA	0
CCATGATGTAACGATGAC	19	NA	NA	0
CCATTACAGTCTGCGCTG	33	0	9	0
CCATTCTGCGCCATCGCT	13	NA	NA	0
CCGACTGTTGTTGCATGG	0	NA	NA	NA
CCGAGCTGACGAGCTTAC	13	0	NA	0
CCGAGTACTATACAACCG	0	22	0	0
CCGATACCGATACGAGGT	0	0	0	15
CCGATACCGCCTTAATTC	0	0	0	0
CCGCAACACCGTTGATCC	NA	0	NA	0
CCGCACTCAGTGCTCGGA	0	11	NA	0
CCGGATTGCCTCGTTCAC	1	0	0	17
CCGGATTGCGATATATCC	0	27	0	0
CCGGATTGCGGTTACGCA	24	0	11	0
CCGGTTGAGTATAGTGCG	0	NA	NA	1
CCGTACGGAAACGCATTG	0	0	0	NA
CCGTAGTTGTGATTATCG	0	24	0	0
CCGTCAGGTTCCAGCTAT	31	0	9	0
CCGTTAGACCTGTACGAC	31	0	16	0
CCGTTCCAACCGCTCATG	0	0	0	17
CCGTTCCAACTCTCGATA	0	0	0	NA
CCTAAGAAGCCTTAATTC	NA	0	7	1
CCTAGAGTAACACACGTC	26	0	13	0
CCTAGAGTACCAGTTACG	0	NA	NA	NA
CCTAGTCTCCGCGAGTGT	0	0	0	16
CCTATTCAACGTCAGCAC	0	0	0	NA
CCTCATAACGGTAAGGAT	27	0	NA	0
CCTCATAACTAGACCGCA	19	0	11	1
CCTCCTTGTTCTAATACC	19	0	8	0
CCTCGACCTCTCAGTGAT	0	0	0	14
CCTCGACCTGCTTGGTTC	NA	NA	NA	NA
CCTCGAGAGGAATTGTTG	0	12	NA	1
CCTCGGTCAAAGACTGGT	1	NA	NA	0
CCTCGGTCAAATACTCCG	0	NA	NA	0
CCTCGGTCACGTGCTTGA	NA	0	NA	0
CCTCGGTCAGGTTGCTAT	0	20	0	0
CCTCGGTCATGCGCACTG	1	1	0	NA
CCTCTCTAGAACTGCGAC	21	0	5	0
CCTGACCTCCACGGAAGT	13	0	12	0
CCTGCGTTAGAATTGTTG	1	0	0	1
CCTGCGTTAGATTAGACA	0	NA	NA	0
CCTGCTCCACATGTGAAC	21	0	14	0
CCTGTATCTCCTCATAAC	25	0	6	0
CCTGTATCTGGATCGTTC	14	NA	NA	0
CCTGTCATTCGAGCCGTT	0	0	0	0
CCTGTTAGCATCGCCTCT	0	0	0	NA
CCTGTTAGCCACAACCAG	0	0	0	0
CCTTAACATAGCAGACAA	0	0	0	10
CCTTAACATCGCAACCTC	20	0	8	0
CCTTAACATTCAGTGCAA	0	0	0	22
CCTTATCCGGGTAGCATC	33	0	NA	0
CCTTATCCGTCGCGTCAT	21	0	9	0
CCTTCCTCAACTCTGCTC	15	NA	NA	0
CCTTCGAGCTCTGAGATA	1	0	0	NA
CCTTGACGGTCTGCAACA	0	NA	NA	0
CCTTGACGGTGAGAATCC	0	NA	NA	0
CCTTGTTGCCACAACGCT	14	NA	NA	0
CCTTGTTGCTGCAGATGC	0	0	0	NA
CGAACAATCGTCTCTTCA	0	14	NA	0
CGAACAATCTACAGTTAG	16	0	8	0
CGAAGAGGTATTCCTACG	0	NA	NA	0
CGAATCCTGTAATTCGTG	0	NA	NA	NA
CGACAGGAACGCACTGAA	0	NA	NA	0
CGACCATCACACGACTCA	0	0	0	0
CGACCATCACCTAGTCTC	0	16	NA	0
CGACCTGTATGAGCTAGA	26	0	8	0
CGACGTACGTAGTCAGAC	0	NA	NA	0
CGAGCCGTTCCAGTTACG	0	1	NA	16
CGAGCCGTTGCCTAACGG	0	20	0	0
CGAGTAGCAACTAAGTTC	NA	NA	NA	4
CGATACTCTAACCGTGAG	0	27	0	0
CGATACTCTAGAGGACGT	1	1	0	20
CGATACTCTCTGACGATG	NA	0	NA	0
CGATACTCTTCAAGCGTA	0	0	0	0
CGATTCGAGCGGTTGCGA	17	NA	NA	0
CGATTGAACCCATGCGTC	27	0	NA	1
CGATTGAACGATCTACTT	1	0	0	0
CGATTGAACTGCCTGGTT	0	31	0	0
CGCAACCTCGTCTACCAA	0	0	0	0
CGCAACCTCTTCATTCGC	0	NA	NA	13
CGCAATCGAGACATAACG	0	1	0	0
CGCACTCTTATCAGGATG	NA	NA	NA	0
CGCACTCTTCGCCACCAT	22	NA	NA	0
CGCACTCTTTGCAGATGC	0	0	1	0
CGCATAACTCTACTGTCA	0	0	0	10
CGCATAACTTCACATACT	12	0	15	0
CGCATCTACCTTGGTCAT	0	NA	NA	0
CGCATCTACTGACCAAGT	13	0	12	0
CGCCATTACATCTTACAG	28	0	15	0
CGCCATTACCTTCACTGT	24	0	9	0
CGCGAGTGTGGTAGACAT	0	30	0	0
CGCGATGTAATGTCGCCT	20	0	12	0
CGCGATGTACATAATTGG	1	0	0	NA
CGCGATGTAGATGTCTAG	26	0	6	0
CGCGTACTATGTAGGTTA	0	NA	NA	1
CGCTGTAGTATACTTGCT	15	0	16	0
CGCTGTAGTTACTCGACC	17	0	NA	0
CGCTTCACGCCTAGTTAG	0	0	0	0
CGCTTGTAGCCACTACCA	0	21	0	0
CGGAACGAGTGATCGGAA	0	41	0	0
CGGAATGCAGTACTCTAC	NA	11	NA	0
CGGAGACTTGATCTAGAG	0	0	0	1
CGGAGACTTGATCTGAAT	0	NA	0	0
CGGATTCTCAATGCACTT	0	NA	NA	0
CGGTCGACAACTCGTCTA	10	0	0	0
CGGTCGACACGCGAGTGT	0	0	0	NA
CGGTCGACACTCAGGTAC	20	0	5	0
CGGTGAGTCTGTGCTAAC	0	10	NA	0
CGGTGTTACACCGTCCTA	NA	0	16	0
CGGTTCTATGACGTTCAG	0	0	0	0
CGGTTGCGATGATGACAG	NA	NA	NA	0
CGTAATGACCACTTCCTT	1	0	0	NA
CGTACACACTCAGGTGCA	1	0	0	0
CGTCTGCTGTCGGATGTT	18	0	5	0
CGTGCAAGGCTGAGATAG	0	NA	NA	0
CGTGCTTGACTGATGCAC	1	14	NA	NA
CGTGCTTGATGACCTATG	0	16	NA	0
CGTGTGTGGTTACTTACG	19	NA	NA	0
CGTTAATGGATGGAGGAA	10	0	10	0
CGTTAATGGGAGCCGTTA	0	45	0	NA
CGTTAATGGTGTCCATAG	16	0	11	0
CGTTAATGGTTAACGTTC	0	0	0	NA
CGTTCCATTGTGCGTTCC	0	NA	NA	0
CGTTCCATTTGTTACTGA	0	NA	NA	0
CGTTCGTACAACTGATTC	NA	0	7	2
CGTTCGTACCGCTTATGA	0	NA	NA	0
CTAACCGGTCAGTCGGTA	0	NA	NA	9
CTAACCGGTTTGAGACGG	0	28	0	0
CTACCTGCGTAGAGCCAG	0	0	0	NA
CTACGGTATGTACGCGAT	NA	NA	NA	0
CTACTGTCATATTGCTAC	0	0	0	9
CTAGACATGATCGAATCG	0	NA	NA	0
CTAGACATGGCCGCCTAA	0	19	0	0
CTAGGTACTACCGAGACA	14	NA	NA	0
CTAGGTACTGATACCGGA	0	0	0	8
CTAGTATAGATCCGGTCC	0	NA	NA	1
CTAGTTCCAGGTCCTGGT	1	NA	NA	12
CTATCCATCATACAACCG	20	0	NA	0
CTATCCATCTGAGGTCTC	18	0	NA	0
CTATGGATGAAGACTGGT	0	0	0	0
CTATTAAGGGTGGATAAG	0	0	0	0
CTCAGGTACCCGCAGCTA	0	NA	NA	21
CTCATGCCACTCCTGACG	16	NA	NA	0
CTCATTAGTGTGCTGACT	11	0	NA	0
CTCCACGTCAGTTATCGC	29	0	NA	0
CTCCGCATTCCACTGAAG	NA	8	NA	0
CTCCTGACGAATCGCCAT	0	0	NA	0
CTCCTGACGTACCAGCCA	1	0	0	0
CTCGAACTGGCGCTAGAA	NA	0	NA	0
CTCGACGATAATCAGGAG	0	0	0	0
CTCGACGATGAGTCAAGG	0	10	NA	NA
CTCGACTGCCTCAGTGAT	0	NA	NA	NA
CTCGACTGCTCCATCATT	NA	NA	NA	0
CTCGCAAGAATAATGTGG	0	11	NA	0
CTCGCTACGCACACTGCC	0	0	0	9
CTCGCTACGCACCTTCCT	0	NA	NA	0
CTCGTGTCCCGCGTACTA	NA	NA	NA	0
CTCGTGTCCGGATTACGC	0	25	0	0
CTCGTTCACCAAGCTGCA	23	0	8	0
CTCTAAGAGAGAGAGTGG	NA	NA	NA	0
CTCTACGCATAGGTCAAC	0	NA	NA	NA
CTCTAGTAAAGCTACTCA	0	14	NA	NA
CTCTCAGTCCCGCACTCA	0	0	0	NA
CTCTCGATAAGCTCTCCG	23	NA	NA	0
CTCTCGATAGCCTGCATC	0	23	NA	0
CTGACAGCATGCATACAT	0	NA	NA	1
CTGAGTCCACCGCTCATG	0	NA	NA	0
CTGATCCGATGGACGAGA	27	NA	NA	0
CTGATGCACTTCATCCAA	0	NA	NA	NA
CTGCAAGCCATCAGAAGC	24	0	6	1
CTGCAAGCCATGGTTCGA	NA	NA	NA	0
CTGCAAGCCCATTATGTC	17	0	NA	0
CTGCAGAGCGAGTGTGCC	0	0	0	0
CTGCATGTTCAATGCATT	0	0	0	6
CTGCGATTCAGATCGAGT	0	NA	NA	0
CTGCTGCTTTACAGTTAG	15	0	NA	0
CTGCTTAGGATTCGAAGA	NA	15	NA	NA
CTGGACACTCATGGTTAC	0	12	NA	0
CTGGACTAACCTAAGAAG	16	NA	NA	0
CTGGAGCGAACTTCAGTA	5	NA	NA	0
CTGGTAATCCTTGATCTA	14	0	6	0
CTGGTCGGTAACGGTAGC	0	NA	NA	0
CTGTAGAAGAGCGGTAAG	0	NA	NA	0
CTGTTACCAGCGATATGA	0	12	NA	0
CTGTTACCAGTAACGCGA	0	NA	NA	0
CTGTTACCATGATCTCGG	8	0	NA	0
CTTAACAGCCTCCACGTC	10	0	12	0
CTTAACAGCTGTAGATCG	42	0	NA	0
CTTACATGCTATACCACT	NA	NA	NA	0
CTTACATGCTGTTAAGCC	0	0	0	14
CTTAGAAGGCCATTCTGC	0	0	0	15
CTTAGAAGGCGCGAGTGT	NA	NA	NA	1
CTTAGGACTGTTACTACT	0	0	0	0
CTTAGGACTTCGCAAGCA	0	NA	NA	0
CTTATCTCACGACAGACC	19	0	9	0
CTTCCGGTAAAGGATACG	0	NA	NA	0
CTTCCGGTACTGGTACAT	NA	NA	NA	0
CTTCCGGTAGATCTGAAT	0	NA	NA	0
CTTCCGTGGCACGCGTAA	21	0	6	0
CTTCCTGATTATGACCGA	1	22	0	0
CTTCGACTGACTGACTAC	0	10	NA	0
CTTCGACTGAGATACGTT	27	0	15	0
CTTCGACTGGACGTTCAG	NA	0	NA	11
CTTCGTGCACAGGAGCCT	0	0	0	18
CTTCGTGCAGAGAACAGG	1	NA	NA	0
CTTCGTGCATCGGATGTT	0	24	0	0
CTTCGTGCATCTGCAACA	14	0	8	0
CTTCTATGACTCTCGATA	12	0	4	0
CTTCTGAGTACGATGACC	0	0	0	0
CTTCTGAGTTATTACTCG	0	NA	NA	0
CTTCTGAGTTGTGAGTAT	NA	17	0	1
CTTGATCTACACACTGCC	NA	NA	NA	NA
CTTGGTCATGTCCTAGTT	0	22	0	0
CTTGGTCATTAGCACACG	0	NA	NA	0
CTTGTAACGCTCTGCAAG	24	0	21	0
CTTGTAACGTTAGATCGG	0	29	NA	0
GAACATGACAGAAGTAAC	1	28	0	1
GAACATGACGGAACTGCT	14	NA	NA	0
GAACCAGTTCGTTACACC	2	0	0	15
GAACCTTCACAGCCGCAA	0	23	0	0
GAACCTTCACGCAGTGTC	NA	NA	NA	0
GAACGCTGTAAGGATACG	13	0	NA	1
GAACTGCAACAGTTGAGT	0	26	0	0
GAACTGCAACATAGGTGT	18	0	24	0
GAACTGCAAGCAATGAGA	23	0	11	0
GAAGAGCACCAAGAGGAG	0	0	0	0
GAAGGATCATGATTGTGC	23	0	13	1
GAATCAACCCATTCGAAT	26	0	18	0
GAATCAACCTGATGGACA	0	NA	NA	NA
GAATCACATAGCTTGGTG	17	0	9	0
GAATCACATTGAACGGTT	0	21	0	0
GAATCGAGATGACGATGA	0	27	0	0
GAATTGTTGAAGCAACTA	0	NA	NA	0
GACAGGTTATACCTATCC	0	NA	NA	1
GACATAACGTCAGTGCAA	0	0	0	0
GACATATGTCTTCTCATC	0	0	0	NA
GACATATGTGTTAATTCG	0	NA	NA	0
GACCAACAGAGCTGCACT	10	NA	NA	0
GACCAGAGAGGTGAGCGT	NA	15	NA	1
GACCGCTTCGGTTCAGAC	20	0	4	1
GACCGCTTCTCATCATCT	0	0	0	9
GACCGCTTCTGAGCTAGA	0	0	0	NA
GACCGGTAGAGGTACCAA	9	0	10	0
GACCGGTAGGGACTCCTT	1	0	0	NA
GACCGGTAGTTGATGCTG	1	0	0	1
GACCGTAGTATCGGTGGT	0	NA	NA	0
GACCGTAGTGCAGATCCG	0	0	0	NA
GACGCTTGCCTAGTGCTG	11	0	5	0
GACGGTGCTTCACTACGT	0	0	0	0
GACGTAGCAAGATGAAGA	0	0	0	NA
GACGTGGTCAGAAGTCCT	0	0	0	0
GACGTGGTCTTGACCTGA	0	43	0	0
GACTAGCATGTTACTACT	1	NA	NA	6
GACTAGCATTAAGCCATT	1	0	0	NA
GACTCAGTGTAGGATTAG	0	0	0	0
GACTCTCACGAGATGTAT	0	NA	NA	0
GACTTCACCAATTGGTGA	NA	16	NA	0
GACTTCACCACAGTATTG	0	NA	NA	0
GACTTGATTATCGATCCT	NA	0	8	0
GAGACGATCGCGGTAGTC	7	0	11	0
GAGACTCGAAGACGGAGG	0	0	0	15
GAGATACACTGCACGATG	0	0	0	20
GAGATGTATACCAGCGTT	0	0	0	0
GAGATTCCTCGTATTCCT	1	NA	NA	0
GAGCACATTTGCAGTTCA	20	NA	NA	0
GAGCACATTTTCCTGCTA	0	0	0	0
GAGCATACACAAGCGCAT	10	NA	NA	0
GAGCCATCCAATCTGACC	0	0	0	0
GAGCGACTCGACATAACG	0	0	0	17
GAGGACTTAGATAACGTC	NA	NA	NA	0
GAGGTGAGCCAACACTCC	0	NA	NA	21
GAGTCAAGGAGTTCAACC	0	22	0	0
GAGTCACCAGCAGATCCG	0	NA	NA	10
GAGTCGTACAACTAACTG	40	1	13	0
GAGTCGTACAATCGTGTT	0	NA	NA	NA
GAGTCGTACGCCACGAGT	1	0	0	NA
GAGTGCATAAGTGTGCAC	0	0	0	22
GAGTGTGCCCTCTACGCA	0	12	NA	0
GAGTTATAGATCGCCTCT	0	0	0	17
GATAAGCTGACTATTGTC	NA	0	NA	0
GATACACTACATCCGACA	0	NA	NA	19
GATACACTATAATCACGC	0	25	0	0
GATACCGGACTCTCAGTC	1	16	NA	0
GATACCGGATTAGCGTCT	0	NA	NA	0
GATAGTTCTACGACATCT	23	0	9	0
GATATATCCGCGGTAAGT	NA	NA	NA	0
GATCCGCACTAACTCCGA	0	0	0	0
GATCGATACTCACTCGCT	0	0	0	NA
GATCGCACTTATGATGTG	0	0	0	1
GATCGCGAAAACGGTAGC	13	0	6	0
GATCGCGAAACCTCCTAG	0	25	0	0
GATCGCGAACGTATCGAA	0	NA	NA	0
GATCGCGAATAACTCCGA	19	0	NA	0
GATCGCGAATTCACCTTG	0	NA	NA	15
GATCGTTGACGCATCTAC	11	NA	NA	0
GATCGTTGATCCAGCAGC	0	NA	NA	0
GATCTGAATAGAAGCTGC	21	0	7	2
GATCTGTTCAAGGAAGTC	1	15	0	NA
GATCTGTTCTTGCCAGAT	NA	17	9	0
GATCTTCGCCAATGTGCT	0	19	0	0
GATCTTCGCGAGGACTTA	0	NA	NA	1
GATGCAGAAGGACGAGCA	0	0	0	0
GATGCGACGGTGTCACAC	0	NA	NA	NA
GATGCGGTTTCCTCGTCG	0	NA	NA	0
GATGCTCCTGCAGCTCTT	0	NA	NA	0
GATGTAAGGACTCGCTGT	0	NA	NA	NA
GATGTAAGGTATCATGCT	11	0	7	0
GATGTAAGGTGATGGACA	0	0	0	0
GATGTAAGGTGCTCCTCC	0	NA	NA	13
GATGTCTAGTCAACACTC	NA	0	11	0
GATGTTACAGCTACCGAG	0	15	NA	0
GATTAGTGTGACGTCAAT	25	0	6	0
GATTATGCGAAGCTGAGG	22	0	NA	0
GATTATGCGGTCCGCTCA	0	NA	NA	9
GATTCCTCTGTATCGTCG	NA	0	NA	0
GATTCCTCTTGCGCACTG	NA	NA	NA	0
GATTGAGTAGCGATATGA	0	NA	NA	0
GCAACACCTGATTAGACA	0	21	0	0
GCAACCAACTGGTGGTAA	NA	0	8	0
GCAACCAACTTCCTAAGG	12	0	NA	0
GCAACTCGCCCATACGAT	NA	0	5	25
GCAACTCGCGACCAGAGA	NA	NA	NA	0
GCAATCACGGACTCTGGT	0	NA	NA	6
GCAATGAGAGCCACGAGT	0	24	1	NA
GCACAACTCGCAACTCGC	1	0	0	0
GCACAGTAAACACTAACG	NA	0	5	0
GCACAGTAACTCGTGTCC	0	NA	NA	0
GCACAGTAATTCCAGGAG	25	0	11	0
GCACCATCGGATCTGAAT	1	NA	0	0
GCACTGGATCGTCTGTCC	29	0	7	0
GCAGCGATAAGACGCTAT	0	0	0	16
GCAGCGATAGGTCCTAAG	0	0	0	26
GCAGCTCTTCTGACGATG	0	NA	NA	NA
GCAGCTCTTTTGGAGAAC	0	0	0	0
GCAGGAGAATCACATACT	22	0	5	0
GCATACATGGCTACAATG	0	0	0	NA
GCATGTAAGCATCGAAGC	0	NA	NA	12
GCATGTAAGGAATCAACC	29	0	NA	0
GCATGTAAGTCTATGACA	0	NA	NA	NA
GCATGTGGTATACCGCTT	14	NA	NA	0
GCATGTGGTCTGGTACAT	10	0	6	0
GCATGTGGTGATATATCC	0	0	0	NA
GCCAATGAATTGATCGTA	1	NA	NA	0
GCCACGAGTCTGGACACT	0	0	0	NA
GCCGAGTCTGCGCTCTAT	0	0	0	NA
GCCGCCTAACTCTCAGTC	0	NA	NA	0
GCCGCCTAATGTTACTGA	1	22	0	1
GCCGTGAACTCCTTCGTA	26	0	8	0
GCCGTTGTTCCGTACGGA	0	36	0	0
GCCTGCATCGGTACGAGC	0	NA	NA	6
GCCTTAGAGCTGTTACCA	12	0	8	0
GCCTTAGAGTTGATGAGT	0	NA	NA	1
GCCTTATCTCGCAGTGTC	0	0	1	0
GCCTTCCATCGCGCACAT	34	NA	NA	0
GCCTTGTGAATCGTAGTG	0	11	NA	0
GCCTTGTGAGTTGCTCAG	0	NA	NA	0
GCCTTGTGATGATACCGT	NA	1	NA	0
GCGAAGACAATGGACGTT	0	14	NA	0
GCGAAGCTCGCCACATGG	0	NA	NA	14
GCGACAACCCCAGTCTCA	18	0	14	1
GCGACAACCCGATCCAGA	NA	NA	NA	0
GCGACACAGTCTATGACA	7	NA	NA	NA
GCGACCTGTAATTGGTGA	0	1	0	0
GCGAGTCTAGTTCCAACA	0	NA	NA	0
GCGATATGACCACCATGC	17	0	NA	1
GCGCTACCTATTGACACG	0	NA	NA	5
GCGCTAGAATGCTCACAC	15	NA	NA	NA
GCGGACGAACAGTATGAT	0	NA	NA	NA
GCGGACGAAGAGAACAGG	0	0	0	18
GCGGTAGTCTCTTGGTAG	7	NA	NA	0
GCGGTAGTCTGGAAGATT	13	0	6	0
GCGGTAGTCTGGTTATAC	0	0	0	25
GCGTATAGGGCATGTAAG	0	NA	NA	0
GCGTGATACAGTAGAGGA	0	0	0	13
GCGTGATACCTCATGCCA	0	14	NA	0
GCGTGATACGCACTGGAT	20	0	6	0
GCGTTCAGAACTCATTCA	0	0	0	6
GCTAGTGGATCTCAGGAT	0	1	0	11
GCTATGTAAACGAGAGCA	0	21	0	0
GCTATGTAATAATCTGGA	0	0	0	0
GCTCAATGATCACAGGTA	11	0	5	1
GCTCTCCAATTCCGAGCG	0	NA	NA	NA
GCTCTGTGTATTAAGACC	1	NA	NA	0
GCTGAGCAGCAGGATCAA	0	12	NA	0
GCTGATGTCAGTCTGGAA	NA	0	6	0
GCTGATGTCGACAATGTT	0	22	0	0
GCTGATGTCGGATTCGTC	0	NA	0	0
GCTGATGTCTTCGCATCC	25	0	5	0
GCTGTTCGGCATTCAGTT	16	0	15	0
GCTGTTCGGTCAATCTAG	22	NA	NA	0
GCTTACGTTGATGTAAGG	27	0	6	0
GCTTAGAACAGCCGTTCT	40	0	18	0
GCTTAGAACCGATCCAGA	0	53	1	0
GCTTAGAACCTGGTAATC	0	NA	NA	0
GCTTAGAACTAGGTTAGT	0	13	NA	0
GCTTCTACGAGTCCAGTG	0	1	0	15
GCTTCTACGGACGGACTA	0	18	NA	0
GCTTCTGAACACTGCTTA	1	0	0	NA
GCTTCTGAATTCGCTGAG	0	0	0	NA
GGAACCTAGCGACCATCA	0	19	NA	0
GGAAGAAGCTGTGGTCCT	NA	NA	NA	NA
GGAAGGTATTAGGATTAG	0	NA	NA	0
GGAAGTATGCGCACTGAA	20	0	NA	0
GGAATTGGAAAGTAGGAC	NA	34	NA	0
GGACACTGGCTCGCAAGA	17	0	5	0
GGACGAGCATGCCAATGG	2	32	0	0
GGACTATTCAACGATGAC	NA	NA	NA	0
GGACTATTCGCCGCTATC	0	33	0	0
GGACTCCTTGCAGCAGTG	15	NA	NA	0
GGACTCCTTTATAATCGC	0	NA	NA	0
GGACTCCTTTATGACCGA	10	0	7	0
GGAGAATGACAGTACATC	0	NA	NA	0
GGAGACACAGACATATGT	0	0	0	0
GGAGACACAGATCGCACT	0	0	0	6
GGAGATGAGGATCTACTT	1	NA	NA	0
GGAGCTCAAACAAGTACA	NA	0	11	0
GGATACAATCGTTAATGG	0	NA	NA	0
GGATAGTCAAATTGGTGA	0	0	0	13
GGATAGTCACCTGTATCT	0	0	0	NA
GGATCAGGTACCACGGAT	22	0	NA	0
GGATCAGGTGAGCACATT	1	0	0	0
GGATCAGGTTGCGTAATC	1	0	0	NA
GGATCGTTCACATCGTCC	NA	NA	NA	NA
GGATCGTTCAGGTATTCC	20	0	4	0
GGATCGTTCAGTCCGTGT	17	0	11	0
GGATCGTTCCAACTAATC	0	18	0	0
GGATGCTCGGAGCACATT	0	42	0	0
GGATGCTCGGTTAGATTG	0	18	NA	0
GGATTACGCATCAGAAGC	0	0	0	NA
GGATTCGTCAACGCCTAC	NA	27	0	0
GGATTCGTCGGACACTGG	25	0	6	1
GGTAAGGATTTGCAGTCA	0	22	0	0
GGTAAGTGATCATGCTCA	NA	NA	NA	0
GGTAATCTAGAGTGCATA	33	1	15	0
GGTACGAGCCCTTATCCG	0	12	NA	0
GGTACTTCCCGTCAGCAC	26	NA	NA	0
GGTACTTCCGGACTCCTT	16	0	NA	0
GGTAGACATACGCTCTTA	19	0	10	1
GGTAGACATTCGTGACGT	1	2	0	0
GGTAGCATCCAAGCCTCG	18	0	8	0
GGTAGTGTTTTGTCAACC	0	0	NA	NA
GGTCCTAAGGTTCAGAAG	14	0	7	0
GGTCCTGGTCTGAGATAG	0	NA	NA	0
GGTCGGATAAGACGCTAT	0	37	0	0
GGTCTTGCACAACGATCG	0	0	0	NA
GGTCTTGCATGGTGCCTG	15	NA	NA	0
GGTGATAGGAGCGCATGA	0	NA	NA	16
GGTGATAGGGCAGCAGTG	0	32	0	0
GGTGTGACCCCGTCCACT	0	0	0	NA
GGTGTTCATCGTTCCATT	0	NA	NA	0
GGTGTTCATGCGAACTCG	15	0	5	NA
GGTTACGCAAAGTTCTCT	0	NA	NA	0
GGTTACGCAGAGATACAC	0	25	0	0
GGTTACGCAGTGTCCGTG	20	NA	8	0
GGTTCAGACACAGGTATC	20	NA	NA	0
GGTTCGCAAACCATTCAC	0	0	0	1
GGTTCTATCAGCATTGTT	26	0	NA	1
GGTTGCTATGACGTTCAG	0	27	0	0
GTAACAGTCCTCCTGACG	0	18	NA	0
GTAACAGTCGAGTCCAAT	0	NA	NA	0
GTAACCATAGCACGCATT	0	0	0	22
GTAACCATAGCAGGAGAA	0	13	NA	0
GTAACCATATACCGCGTT	0	0	0	NA
GTAACCATATCGTCATTC	31	0	4	0
GTAACGCGATGCCAGACG	0	NA	NA	13
GTAAGGTCCACACTGTGA	0	NA	NA	0
GTAAGGTCCACCTTGAAG	0	NA	NA	0
GTAAGTGAGCATCCTCTC	24	NA	NA	0
GTAAGTGAGTAGCTAAGA	9	NA	NA	0
GTAAGTGAGTCCACGTGC	1	0	0	0
GTAATCAGCTCTTAAGTG	0	NA	NA	0
GTACAATGCGACGTAGCA	22	0	9	0
GTACAATGCGACTTCACC	0	NA	NA	NA
GTACAATGCGGTCTCATG	0	NA	NA	0
GTACCACAAGAGTCCAAT	9	NA	NA	NA
GTACCACAATCGGTATCA	0	0	0	0
GTACCTAACGAACCAGTT	0	0	0	0
GTACGCGATCGAACAGAG	19	0	NA	0
GTACTCTACCACATATCA	0	0	0	NA
GTACTCTACCAGCTTCGA	NA	NA	NA	0
GTAGAAGTTCCATAGCCA	1	0	0	0
GTAGAAGTTTTGACCTGA	0	0	0	13
GTAGCTACAAGGATTGAG	23	0	13	0
GTAGCTACAGTTAGATTG	5	NA	NA	0
GTAGGACGCGAATCACAT	0	0	0	NA
GTAGGACGCTTCCATACC	0	NA	NA	11
GTAGTGGAGGACAATGTT	0	0	0	NA
GTAGTGGAGGAGTCGTAC	8	0	7	0
GTAGTTGGTGACACCGAT	0	0	0	1
GTATACAGACCGCTCATG	0	21	0	0
GTATCCTGCGCTTACGTT	NA	0	7	0
GTATCGTCGGATCGTTGA	16	0	11	0
GTATGATCTCCGCACTCA	0	NA	NA	0
GTATGATCTGCCAACAAT	17	0	10	0
GTATGATCTGCGAGCAAG	12	0	12	0
GTATTACTGGGAATTCAC	0	1	NA	0
GTCAACTGATATACGGAT	0	0	NA	NA
GTCACAGAGAGAGGACGT	0	0	0	0
GTCAGACCGCCGCAATGG	0	NA	NA	6
GTCAGTTGTGTGCCATGA	1	0	0	NA
GTCCACAACCCACTGAAG	0	0	0	NA
GTCGAGTACCCTCCAATC	NA	0	13	0
GTCGAGTACCTTAACAGC	1	NA	NA	0
GTCGAGTACGCGACCTGT	17	0	NA	1
GTCGTTAGACTATTAAGG	22	NA	NA	0
GTCGTTAGATAGCTGTTG	0	0	0	0
GTCGTTGCGAAGTTCTCT	20	0	10	0
GTCGTTGCGATAGTCTCC	0	24	0	0
GTCTACCAAAGTGTGCAC	0	0	0	NA
GTCTCTTCAGACCAGAGA	0	NA	NA	0
GTCTGAGCCCATCGCTGG	NA	0	NA	NA
GTCTTATGCACTCATTCA	0	0	0	1
GTCTTCTCGAATTCGGAA	15	0	9	0
GTGAATGCCTTCAACTAC	0	0	0	19
GTGAGGACGAGTGTTCTG	0	NA	NA	NA
GTGCACGAGACCGTCACG	12	0	NA	0
GTGCACGAGGTTAGAGAC	0	0	0	0
GTGCCATGATGTGCCATG	0	0	0	0
GTGCTAAGCACTGTAATC	24	0	5	0
GTGCTAAGCGCACTGGAT	0	0	0	0
GTGCTCGGATCTGAGATA	0	NA	NA	0
GTGCTGACTAAGTTGCCA	NA	0	9	0
GTGCTGACTCCGAGCTGA	0	0	0	10
GTGGAGGTCATCACTTCC	1	0	0	0
GTGGAGGTCTCAGACAAG	13	NA	NA	2
GTGGATAAGCTTCCGGTA	0	0	0	0
GTGGATAAGGTCATTCTA	0	0	0	0
GTGGTACGGGTCCACAAC	12	NA	NA	0
GTGGTTACCAAGTCATGA	1	34	0	0
GTGGTTACCACAAGGTAC	NA	33	0	0
GTGGTTACCACTGACTAC	0	10	NA	NA
GTGGTTACCGCTGAGCAG	0	0	0	0
GTGTATCTGGTACAATGC	13	0	10	0
GTGTCACACTACGTTGGA	0	0	0	0
GTGTCACACTCAATCTAG	0	0	0	14
GTGTCGAGCGCAGATCCG	0	19	NA	0
GTGTCGAGCTAGAGACTA	7	0	8	0
GTGTTCCAGACTACTCAT	24	0	15	0
GTGTTCCAGTAGGATTAG	0	35	0	0
GTGTTGGAAAGAGCCGCA	18	0	8	1
GTTAATTCGGCTGTTCGG	0	18	0	0
GTTAATTCGTCACAGGTA	30	0	14	1
GTTAGAGACGATACTGTG	19	NA	15	0
GTTAGATTGTAAGGTGAT	1	0	0	0
GTTATCGATAACCGCTGA	15	NA	NA	0
GTTATCGATCTACTGTCA	0	NA	NA	NA
GTTCCAACATAGCCAGTG	0	22	0	0
GTTCCAACATGCTGCGTC	0	0	0	1
GTTGATGCAAGTACTACA	18	0	7	0
GTTGCATGGTGCATACAT	36	NA	NA	0
TAACACATCCGGAGACTT	12	0	5	0
TAACACATCCTTAGGACT	0	26	0	0
TAACACGAGAATGCAGCG	0	NA	NA	0
TAACACGAGTGAACCAAT	NA	1	11	1
TAACCGTGACCGATACCG	0	0	0	0
TAACCGTGACGACCTAGC	22	30	NA	0
TAACCGTGATAGACACGT	0	NA	NA	NA
TAACGGATAACGTATGTC	0	NA	NA	0
TAACGGATATACAAGAGG	1	NA	NA	0
TAAGCACTATACGTTGGA	21	0	4	0
TAAGCCATTGGATTACGC	25	0	6	0
TAAGGTCCGGCTGACAGA	0	NA	NA	12
TAAGGTCCGGGTTCGCAA	0	NA	NA	0
TAAGTACACCGATTCGAG	35	0	NA	1
TAAGTACACCTTACCTAG	16	NA	NA	0
TAATCTGGAAATTGGTGA	0	0	0	NA
TAATGTAGCGATCTAGAG	0	0	0	NA
TAATTCGTGTGAGCTAGA	11	0	7	0
TACAACACCCAAGCCTCG	18	NA	NA	0
TACAAGAGGCCGGATTGC	NA	0	7	NA
TACAAGAGGTTCCGAGCG	0	16	NA	0
TACACGGTCGGTAGACAT	1	0	0	0
TACATGCACGCGCTACCT	0	0	0	0
TACCAGCCAACTACTCAT	21	0	6	0
TACCAGCCACCGTTCCAA	0	19	0	0
TACCAGCCAGAAGTGTGA	32	0	6	0
TACCATGTAGATGTTACA	0	0	0	0
TACCGCGTTAGTGTGCAC	0	20	NA	0
TACCGCGTTCCAACAACA	23	0	NA	2
TACCTCACTAATCAGGAG	19	0	8	0
TACCTCACTGTCTGACGT	0	NA	NA	18
TACCTCCTCCTAGTCGTC	0	NA	NA	1
TACCTCCTCGTGTCCGTG	21	0	10	0
TACGAACTCGGACTCCTT	19	0	12	0
TACGACTTGTGTGTAGAG	2	9	0	0
TACGAGTGAACTATCCTG	0	NA	NA	8
TACGTTACCACAAGTACA	32	0	NA	0
TACGTTGGAGCGCTAGAA	14	0	NA	0
TACGTTGGAGTCCACAAC	1	12	NA	NA
TACTTACCAACCACGCTA	0	NA	NA	6
TACTTCCAGGCAGCAGTG	23	NA	NA	NA
TAGACCATGAACTGATTC	0	0	0	14
TAGACCATGCCAGATCAC	27	0	NA	0
TAGACCTACAAGCCAAGT	0	15	NA	0
TAGACCTACAGTATGACG	12	NA	NA	0
TAGACCTACCATTATGTC	0	NA	NA	13
TAGACCTACTGAGTTAAG	0	38	0	0
TAGAGCCAGAGACATCCA	39	NA	NA	0
TAGAGCCAGGTTATCGAT	13	NA	NA	0
TAGAGCGTCTGAACCAAT	1	NA	NA	0
TAGCACTATAATGCTGAT	0	NA	NA	0
TAGCACTATAGCCGTTCT	0	30	0	0
TAGCACTATCACGGAAGT	1	NA	NA	0
TAGCACTATGGACACTGG	0	0	0	0
TAGCACTATTAGGTCAAC	0	22	0	1
TAGCAGAGTTCAGTAAGC	0	0	NA	0
TAGCCAGTGTATCATGCT	1	NA	NA	0
TAGCCTTGTCGGTTCTAT	22	0	NA	0
TAGCCTTGTTTCATCCAA	33	0	14	0
TAGCGCAGCCGAATGAGT	0	0	0	0
TAGCTAAGACTACGAGAA	NA	NA	NA	0
TAGGAGCTAGGAGCTCAA	0	NA	NA	NA
TAGGAGCTATGACGATGA	26	0	11	1
TAGGATGCCGTACAATGC	0	0	0	0
TAGGTCAACAAGTCATGA	10	NA	NA	0
TAGGTCAACATTGGTTCC	0	0	0	NA
TAGGTCAACTGTAGCAAG	0	NA	NA	0
TAGGTTAGTCACCTTCCT	19	0	NA	0
TAGGTTAGTCCACTTCGC	11	0	NA	0
TAGTACGTAGACAGGTTA	0	0	0	12
TAGTAGTCTGAGCCGTTA	0	NA	NA	0
TAGTCAGACAGTACTCTC	17	0	10	1
TAGTCAGACCCTATTCAA	1	0	0	1
TAGTCGCATCGCAGTGTC	19	NA	NA	0
TAGTCGCATCTAACACTG	0	26	0	0
TAGTGCACTCATGCCAGT	0	0	0	0
TAGTTGACGCCGCAGCTA	0	30	0	0
TAGTTGACGTGTAGGTTA	0	19	NA	0
TATACGGATAGCCGTTCT	0	0	0	NA
TATACGTGGCCTCGAGAG	0	0	0	0
TATCACCTGATCAGGATG	8	0	NA	0
TATCAGTGCAGGATTGAG	13	0	NA	0
TATCAGTGCATATAGCGT	25	0	14	0
TATCATGCTCCATGCGTC	6	0	5	0
TATCATGCTTGGTGGATC	0	25	0	0
TATCCTCAGAGACCACGC	0	0	0	0
TATCGAGCCTGCCGAACT	0	NA	NA	NA
TATCTGTCACGCGAGTGT	38	0	NA	1
TATGACCGAACCGTCCTA	0	0	0	0
TATGACCGATCCTTAGGT	0	NA	NA	0
TATGCCTTCCCGATACCG	17	0	5	0
TATGGTTGGGATGCGACG	0	NA	NA	NA
TATGGTTGGGCACGCATT	36	0	8	0
TATGTACCTACTATTGTC	0	0	0	0
TATGTACCTAGACGCCTG	NA	0	NA	0
TATGTACCTGTCTGAGCC	NA	NA	NA	0
TCAAGGTCGTGCTCACAC	NA	0	NA	0
TCAATCTAGCGTCTGCTG	0	NA	NA	NA
TCACACTGCTCAGAGTCA	27	0	8	0
TCACACTGCTCCAGCAGC	0	15	NA	0
TCACCGAGGCGATAGGTG	0	0	0	0
TCACCGAGGTCGCTGTAA	21	1	NA	0
TCACGACAAACAGAGATG	1	0	0	1
TCACGCGACCATAATTGG	0	0	0	0
TCACTACGTTGCAGCCTT	0	12	NA	0
TCAGACAAGAGAGCCGCA	0	NA	NA	0
TCAGACAAGGCTTGTCCT	0	NA	NA	NA
TCAGAGCGTTATGTACCT	0	24	0	0
TCAGAGTCAGCAATGAGA	0	0	0	0
TCAGAGTCATAGTCGCAT	0	NA	NA	0
TCAGCGACCAATCCTCGT	0	NA	NA	0
TCAGCGACCCATTGCAGA	0	NA	NA	0
TCAGGTGCAGACGCCGTA	20	0	7	0
TCAGGTGCATTACACCTT	0	23	0	0
TCAGTGTTCCCTAGTCTC	0	0	0	NA
TCATATCGCGTATCCTGC	0	NA	NA	NA
TCATCAGAGGATTATGCG	0	0	0	NA
TCATCAGAGGGAATTGGA	12	NA	NA	0
TCATGCAGGACAGGTATC	15	NA	NA	0
TCATGCAGGGTTCACTCC	15	NA	NA	0
TCATGCAGGTGTCAACCT	0	NA	NA	8
TCATGCTCAATTCACCTC	0	0	NA	0
TCCAACGTGTCACACTGC	0	NA	NA	6
TCCAAGTAAGCACAACTC	0	18	0	1
TCCACCGGTCAGTCGGTA	0	33	0	0
TCCAGAACGCTAGTCGTC	25	NA	NA	0
TCCAGCTATTGAAGACCA	20	0	9	0
TCCATCATTACATTGACA	10	NA	NA	0
TCCATCATTGATCGCACT	NA	24	0	0
TCCGATCTGACCTGTACC	0	NA	NA	1
TCCGGAGCTATAGTCTCC	16	0	5	1
TCCTATTCCCAGCTTACC	0	0	0	0
TCCTATTCCGTATTACTG	NA	20	NA	0
TCCTCGTCGCCTGTATCT	0	NA	NA	0
TCCTGAGACAGCAACATT	17	0	8	0
TCCTGAGACCCTTCCTCA	NA	NA	NA	0
TCCTGTCCGTCGTAGGAA	0	0	0	1
TCGAACGCTACGCAAGAT	NA	23	15	1
TCGAATAGATATCATGCT	29	0	9	0
TCGACGTTGAGGTACCAA	NA	NA	NA	0
TCGCATTCGCGCTTGTAG	0	NA	NA	0
TCGCATTCGGACAATGTT	0	0	0	0
TCGCATTCGTCGTTCTCC	30	0	8	0
TCGCATTCGTTCACTGGA	0	NA	NA	NA
TCGCCAAGCGTCTTATGC	0	40	0	0
TCGGAACGAGTATCCTGC	0	0	0	0
TCGGACAGTAATAGACGC	0	0	0	NA
TCGTAGGAACTCCAGCGT	0	0	0	17
TCGTAGGAAGTAGTGGAG	0	12	NA	0
TCGTAGGAATGCATCGGA	0	0	0	NA
TCGTAGGAATTACCTCTC	0	NA	NA	0
TCGTCATTCGCGGAGATT	0	1	0	NA
TCGTCCGATTCACATACT	1	18	NA	0
TCGTGACGTTGTGCTAAC	0	NA	NA	NA
TCGTGCCACAACTTAGCT	0	0	0	0
TCGTGCCACAGCCTCGCA	0	NA	NA	9
TCGTGCCACTGGTTATAC	22	0	9	0
TCGTTCTCCACCACTAGG	0	12	NA	0
TCTAATACCCTGCAAGCC	0	NA	NA	9
TCTAATACCGCTCAGCCA	NA	NA	NA	0
TCTACATCCTACAGTTAG	24	NA	NA	0
TCTAGCTGGCGCATAACT	0	0	NA	9
TCTAGGATGGACGGTGCT	0	10	NA	0
TCTAGTGACTGAGATCAT	0	18	NA	0
TCTATGACAAGCGGTAAG	0	30	0	0
TCTATGACAATAACGACA	0	NA	NA	0
TCTATTAGGCACCAAGAT	1	0	0	NA
TCTATTAGGTGCAGTTCA	1	0	0	NA
TCTCCGCGTAAGCACAAC	NA	0	NA	1
TCTCGTATCAAGCATTGC	0	NA	NA	4
TCTGAGATATCGTCCGAT	29	0	12	1
TCTGAGATATCGTGACGT	NA	NA	NA	0
TCTGATGAAAATGCACTT	0	NA	NA	NA
TCTGATGAAACAGTATTG	NA	NA	NA	0
TCTGCAACAAAGCTGAGG	0	22	0	0
TCTGTGAAGGGAGAATGA	0	NA	NA	0
TCTGTGAAGTAGTGATCC	0	NA	NA	0
TCTTAAGTGCACCTCAAC	0	28	NA	1
TCTTAAGTGCGGAAGACG	21	0	6	0
TCTTAGCGATCAAGCGTA	0	NA	NA	NA
TCTTAGCGATCTCGATGC	9	NA	NA	1
TGAACGGTTCGCCATTAC	NA	13	NA	0
TGAACTTGCCTCGTCTTG	0	NA	NA	0
TGAACTTGCGCCATACAA	10	0	12	0
TGAACTTGCGCGGACGAA	0	NA	NA	0
TGACCTATGTACTAGTAG	0	0	0	NA
TGACCTCCTAGCATTCCA	0	17	NA	0
TGACCTCCTCAAGCCTCG	0	0	0	0
TGACTGAGACTGAGTAGC	0	15	NA	0
TGAGAATCCAATAGACGC	NA	0	0	0
TGAGAATCCCATTGCAGA	12	NA	NA	0
TGAGAATCCCGTGCTTGA	35	0	11	0
TGAGAATCCGATTCTCGG	0	NA	NA	0
TGAGACAGCCTATCCATC	2	0	0	18
TGAGACAGCGCAGCTTGA	1	NA	NA	7
TGAGATCATCCGGATTGC	0	0	0	15
TGAGATCATTGGATAGGT	25	0	9	0
TGAGCAGATCATAATTGG	0	0	0	NA
TGAGCAGATCGTTAATGG	NA	0	6	0
TGAGCAGATGAACCAGTT	1	NA	NA	NA
TGAGCTAGAATCCGTCTC	NA	0	19	0
TGAGCTAGATATCGAGCC	1	26	0	0
TGAGGTCTCGATTAGTGT	15	0	11	1
TGAGTGACTCAGCGACGT	0	NA	NA	2
TGAGTGACTCGGAAGACG	0	0	0	0
TGATACCGTTGCCAGACG	15	0	8	1
TGATAGAGGTCTGTGAAG	0	NA	NA	NA
TGATCTCGGATACCGAAG	19	0	8	NA
TGATCTCGGGCCACGAGT	0	NA	NA	0
TGATGACAGATCATGTTC	NA	NA	NA	NA
TGATGACAGTCTACGCAA	0	0	0	14
TGATGGACACAAGAACCG	NA	0	6	0
TGATTATCGCATTCGAAT	1	25	0	0
TGATTCACCTGACAAGTT	0	0	0	0
TGATTGCTGCTACTGTCA	0	NA	NA	0
TGATTGCTGTCCAAGTAA	0	0	0	27
TGATTGCTGTCGCTGTAA	12	NA	9	0
TGATTGTGCAGTCTAAGC	0	25	0	0
TGATTGTGCATCGAATCG	0	18	0	0
TGATTGTGCCTGGACTAA	NA	0	8	0
TGCAACTCTGAGCACATT	1	0	0	NA
TGCAACTCTTTAACGGAG	0	NA	NA	0
TGCAGATGCATCCGTCTC	NA	0	12	0
TGCAGCCTTGACTCTGGT	0	25	0	0
TGCAGCCTTGCCATCGCT	0	NA	NA	24
TGCAGCCTTGTGGAGGTC	36	NA	NA	0
TGCAGTCGGTCCTCGTCG	0	NA	NA	0
TGCCAATGGAGTTACAAG	14	NA	NA	0
TGCCACCGAACGCTCTTA	7	NA	NA	0
TGCCATCTCGCCTAACGG	14	0	6	1
TGCCGACTACCTTAACAT	NA	NA	NA	NA
TGCCGCTACTGCCTTCAG	19	NA	NA	0
TGCCTGGTTATGTGAGAC	NA	NA	NA	1
TGCCTTCAGCTATGGATG	0	24	0	0
TGCCTTCAGGTCACTATG	1	11	NA	0
TGCGATACTTACCGATTG	0	7	0	0
TGCGCACTGTATTGCTAC	22	0	8	0
TGCGCTGCAGCCTGCATC	21	0	NA	0
TGCGTAATCCGTTGATCC	0	NA	NA	13
TGCGTAATCTAAGTACAC	0	0	0	10
TGCGTCTTATCCGATAAC	0	NA	NA	0
TGCGTGCCAATCCGGTCC	1	22	0	0
TGCTATGAAATCAAGCAT	0	0	1	NA
TGCTTACGGGTGTTGGAA	14	0	15	0
TGGAACTAATAGCGCAGC	0	NA	NA	NA
TGGAAGATTTCTATTAGG	0	18	NA	0
TGGAAGATTTTCACCTTG	0	15	NA	0
TGGACTGCCTATGGTTGG	0	11	NA	0
TGGAGAGTGGTACCACAA	0	0	0	15
TGGAGAGTGGTCTCCAGG	0	35	0	0
TGGATAGGTCGAATCCTG	26	0	7	0
TGGATAGGTGTATGATCT	2	0	0	15
TGGATAGGTTATGTACCT	31	0	0	0
TGGATTAGCACGCTATGT	0	0	0	0
TGGATTAGCGTAGTGGAG	0	NA	NA	0
TGGTAACCAGCGAGTCTA	9	NA	NA	0
TGGTCCTAGTATGCCTTC	0	NA	NA	8
TGGTCTACGGCTCAGCCA	0	49	0	0
TGGTGGTAATCCACGTGC	15	0	10	0
TGGTTATACATCGTAGTG	0	NA	NA	NA
TGTAACAGTTCGCCAAGC	0	20	0	0
TGTACACGATGCGCACTG	0	0	0	NA
TGTAGATCGAATCTGACC	1	0	0	0
TGTAGATCGTGCAGTTCA	0	0	0	NA
TGTAGCAAGCCACGTTCT	0	16	NA	0
TGTAGCAAGGGTAATCTA	10	0	NA	0
TGTAGCAAGTAGATAGCC	0	NA	NA	0
TGTATCGTGCATCCACCG	0	NA	NA	0
TGTCACATACCATAAGTA	0	17	NA	0
TGTCACATACCGGTTCTA	0	26	0	0
TGTCGTGAGCTCGCAAGA	NA	NA	NA	0
TGTCGTGAGCTGATCCGA	24	0	15	0
TGTCGTGAGGTGTATCTG	0	0	0	0
TGTCTACACAACGTTCTT	1	23	0	0
TGTGAGTATACCTGCAGA	0	NA	NA	0
TGTGAGTATATTATGCAG	0	18	0	0
TGTGAGTATGAATTGTTG	20	NA	NA	0
TGTGAGTATGGTCCTAAG	7	0	8	0
TGTGCAGTAGCGCTTCTC	18	0	20	0
TGTGCTAACAAGCAACTA	12	NA	NA	0
TGTGGTCCTTACCTCACT	24	0	NA	0
TTAACGGAGCTAATACGC	12	0	NA	0
TTACCTCTCCGCGCACAT	23	0	7	0
TTACCTCTCCTGAGTCCA	0	NA	NA	7
TTACGCTCGTAGAGCCAG	15	0	NA	0
TTACGGACCAGATGTTGG	20	2	13	0
TTACTTACGGCATGTAAG	16	NA	NA	0
TTAGATCGGGAGAATCAG	0	15	NA	0
TTAGCGTCTCAATGTGCT	0	NA	NA	0
TTAGCGTCTTAGGTCAAC	17	1	NA	0
TTAGGAAGGACTGGTGCT	NA	0	9	0
TTATCCAAGTACCTCCTC	12	NA	NA	0
TTATCGCACACGTATGTC	0	NA	NA	0
TTATTCGACCTCTCGATA	NA	0	15	0
TTATTCGACGCCGAACCA	0	0	0	NA
TTCAACTACCATCCAGGA	17	NA	NA	0
TTCACTCCTGTATCCTGC	0	0	0	0
TTCACTGGATGTGAGTAT	1	0	0	0
TTCATTCGCCTTAGAAGG	0	10	NA	0
TTCCAGATTTGATCTCGG	1	0	0	0
TTCCAGGAGAGACGCCTG	0	NA	NA	0
TTCCAGGAGGACCAGAGA	14	0	12	0
TTCCAGGAGGCGGTAGTC	0	0	0	8
TTCCGAGCGACTAACCGA	0	NA	NA	NA
TTCCGCCAGATCTCTGCT	1	1	0	NA
TTCCTAAGGATCAGAAGC	0	0	0	1
TTCCTCGGTAAGGTCTGA	15	0	10	0
TTCCTCGGTAGTTCAACC	NA	NA	NA	NA
TTCGCATCCCCATAATCG	12	0	NA	0
TTCGCTGAGGATTAGTGT	24	0	11	0
TTCGCTGAGTGAGAGGAC	9	NA	NA	0
TTCGGAGTCGACAATGTT	18	0	NA	0
TTCGGAGTCTTACTTACG	17	0	14	0
TTCGTGATGGTAACAGTC	0	NA	NA	NA
TTGACCTGATCAGAGCGT	20	1	9	0
TTGAGACGGCAAGAGAGT	28	0	NA	2
TTGAGACGGTGGTGGTAA	0	0	0	NA
TTGAGCTCTACCTCCTAG	0	11	NA	0
TTGATCGTACAACTCCAG	17	0	NA	0
TTGATGCTGAATATCAGC	0	1	NA	0
TTGATGCTGCCATCACGA	0	NA	NA	NA
TTGCAGTCAGAGTGCATA	0	NA	NA	NA
TTGCTCTGCCTCTGCAAG	0	0	0	0
TTGTAATGCGCCAACAAT	NA	0	4	0
TTGTTAGAGCTACGAGAA	17	0	12	NA
TTGTTAGAGTTGATGCTG	0	NA	NA	NA
